{"cameraMode":{"drawMode":0,"name":"Shaded","section":"Shading Mode"},"sceneLighting":true,"audioPlay":false,"sceneViewState":{"showFog":true,"showMaterialUpdate":false,"showSkybox":true,"showFlares":true,"showImageEffects":true,"showParticleSystems":true},"in2DMode":false,"pivot":{"x":0.1918938159942627,"y":1.300236701965332,"z":61.47446823120117},"rotation":{"x":-0.010610937140882016,"y":0.755447268486023,"z":-0.6550117135047913,"w":-0.012238488532602787},"size":13.870923042297364,"orthographic":false}