{"cameraMode":{"drawMode":0,"name":"Shaded","section":"Shading Mode"},"sceneLighting":true,"audioPlay":false,"sceneViewState":{"showFog":true,"showMaterialUpdate":false,"showSkybox":true,"showFlares":true,"showImageEffects":true,"showParticleSystems":true},"in2DMode":false,"pivot":{"x":0.34999847412109377,"y":8.0325927734375,"z":-42.29998779296875},"rotation":{"x":0.01470252312719822,"y":0.8594995737075806,"z":-0.5103269219398499,"w":0.024761458858847619},"size":309.37689208984377,"orthographic":false}