{"cameraMode":{"drawMode":0,"name":"Shaded","section":"Shading Mode"},"sceneLighting":true,"audioPlay":false,"sceneViewState":{"showFog":true,"showMaterialUpdate":false,"showSkybox":true,"showFlares":true,"showImageEffects":true,"showParticleSystems":true},"in2DMode":false,"pivot":{"x":1474.079833984375,"y":-416.4549865722656,"z":-85.6683349609375},"rotation":{"x":0.09182391315698624,"y":0.7318289875984192,"z":-0.10061922669410706,"w":0.6677559614181519},"size":1604.93212890625,"orthographic":false}