{"cameraMode":{"drawMode":0,"name":"Shaded","section":"Shading Mode"},"sceneLighting":true,"audioPlay":false,"sceneViewState":{"showFog":true,"showMaterialUpdate":false,"showSkybox":true,"showFlares":true,"showImageEffects":true,"showParticleSystems":true},"in2DMode":false,"pivot":{"x":-2.7050724029541017,"y":-709.1875,"z":1395.5555419921875},"rotation":{"x":0.23347075283527375,"y":-0.00277510192245245,"z":0.0006720414967276156,"w":0.9723750352859497},"size":1739.9864501953125,"orthographic":false}