{"cameraMode":{"drawMode":0,"name":"Shaded","section":"Shading Mode"},"sceneLighting":true,"audioPlay":false,"sceneViewState":{"showFog":true,"showMaterialUpdate":false,"showSkybox":true,"showFlares":true,"showImageEffects":true,"showParticleSystems":true},"in2DMode":false,"pivot":{"x":404.8119201660156,"y":-1081.1923828125,"z":1380.303466796875},"rotation":{"x":0.295058012008667,"y":0.111601822078228,"z":-0.03472417965531349,"w":0.9483212828636169},"size":2254.796142578125,"orthographic":false}