{"cameraMode":{"drawMode":0,"name":"Shaded","section":"Shading Mode"},"sceneLighting":true,"audioPlay":false,"sceneViewState":{"showFog":true,"showMaterialUpdate":false,"showSkybox":true,"showFlares":true,"showImageEffects":true,"showParticleSystems":true},"in2DMode":false,"pivot":{"x":0.194452166557312,"y":1.5304591655731202,"z":33.59328079223633},"rotation":{"x":0.3730389475822449,"y":0.0890040323138237,"z":-0.03596806526184082,"w":0.9228490591049194},"size":49.619510650634769,"orthographic":false}