{"cameraMode":{"drawMode":0,"name":"Shaded","section":"Shading Mode"},"sceneLighting":true,"audioPlay":false,"sceneViewState":{"showFog":true,"showMaterialUpdate":false,"showSkybox":true,"showFlares":true,"showImageEffects":true,"showParticleSystems":true},"in2DMode":false,"pivot":{"x":8.588829040527344,"y":-21.45855712890625,"z":9.326187133789063},"rotation":{"x":0.3730389475822449,"y":0.0890040323138237,"z":-0.03596806526184082,"w":0.9228490591049194},"size":164.84317016601563,"orthographic":false}