{"cameraMode":{"drawMode":0,"name":"Shaded","section":"Shading Mode"},"sceneLighting":true,"audioPlay":false,"sceneViewState":{"showFog":true,"showMaterialUpdate":false,"showSkybox":true,"showFlares":true,"showImageEffects":true,"showParticleSystems":true},"in2DMode":false,"pivot":{"x":-1.2173385620117188,"y":-10.047714233398438,"z":-4.124420166015625},"rotation":{"x":-0.301940381526947,"y":0.21682971715927125,"z":-0.07072818279266358,"w":-0.9256523847579956},"size":107.66397094726563,"orthographic":false}