{"cameraMode":{"drawMode":0,"name":"Shaded","section":"Shading Mode"},"sceneLighting":true,"audioPlay":false,"sceneViewState":{"showFog":true,"showMaterialUpdate":false,"showSkybox":true,"showFlares":true,"showImageEffects":true,"showParticleSystems":true},"in2DMode":false,"pivot":{"x":-2.9396347999572756,"y":-9.408407211303711,"z":-202.2984161376953},"rotation":{"x":-0.1259670853614807,"y":0.011008044704794884,"z":-0.0013992588501423598,"w":-0.9919829368591309},"size":53.07775115966797,"orthographic":false}