{"cameraMode":{"drawMode":0,"name":"Shaded","section":"Shading Mode"},"sceneLighting":true,"audioPlay":false,"sceneViewState":{"showFog":true,"showMaterialUpdate":false,"showSkybox":true,"showFlares":true,"showImageEffects":true,"showParticleSystems":true},"in2DMode":false,"pivot":{"x":-2.6424875259399416,"y":-13.394775390625,"z":-29.553421020507814},"rotation":{"x":-0.14231355488300324,"y":0.012468406930565834,"z":-0.0017929632449522615,"w":-0.9897423982620239},"size":180.2973175048828,"orthographic":false}