{"cameraMode":{"drawMode":0,"name":"Shaded","section":"Shading Mode"},"sceneLighting":true,"audioPlay":false,"sceneViewState":{"showFog":true,"showMaterialUpdate":false,"showSkybox":true,"showFlares":true,"showImageEffects":true,"showParticleSystems":true},"in2DMode":false,"pivot":{"x":-4.019636154174805,"y":1.1373672485351563,"z":-170.91616821289063},"rotation":{"x":-0.3573372960090637,"y":-0.0638161301612854,"z":0.02448040246963501,"w":-0.9314799308776856},"size":247.99644470214845,"orthographic":false}