{"cameraMode":{"drawMode":0,"name":"Shaded","section":"Shading Mode"},"sceneLighting":true,"audioPlay":false,"sceneViewState":{"showFog":true,"showMaterialUpdate":false,"showSkybox":true,"showFlares":true,"showImageEffects":true,"showParticleSystems":true},"in2DMode":false,"pivot":{"x":37.31554412841797,"y":-15.736412048339844,"z":-34.18943786621094},"rotation":{"x":-0.13605032861232758,"y":-0.06919355690479279,"z":0.009525701403617859,"w":-0.9882376194000244},"size":185.37998962402345,"orthographic":false}