{"cameraMode":{"drawMode":0,"name":"Shaded","section":"Shading Mode"},"sceneLighting":true,"audioPlay":false,"sceneViewState":{"showFog":true,"showMaterialUpdate":false,"showSkybox":true,"showFlares":true,"showImageEffects":true,"showParticleSystems":true},"in2DMode":false,"pivot":{"x":-21.299942016601564,"y":-3.115157127380371,"z":3.9338197708129885},"rotation":{"x":-0.1293357014656067,"y":0.6755107045173645,"z":-0.12209215760231018,"w":-0.7155868411064148},"size":45.234352111816409,"orthographic":false}