{"cameraMode":{"drawMode":0,"name":"Shaded","section":"Shading Mode"},"sceneLighting":true,"audioPlay":false,"sceneViewState":{"showFog":true,"showMaterialUpdate":false,"showSkybox":true,"showFlares":true,"showImageEffects":true,"showParticleSystems":true},"in2DMode":false,"pivot":{"x":-1.6336784362792969,"y":-12.048760414123536,"z":-24.99262237548828},"rotation":{"x":-0.0807790458202362,"y":0.9186106324195862,"z":-0.29052382707595827,"w":-0.25541943311691286},"size":38.065914154052737,"orthographic":false}