{"cameraMode":{"drawMode":0,"name":"Shaded","section":"Shading Mode"},"sceneLighting":false,"audioPlay":false,"sceneViewState":{"showFog":true,"showMaterialUpdate":false,"showSkybox":false,"showFlares":true,"showImageEffects":true,"showParticleSystems":true},"in2DMode":false,"pivot":{"x":2.9802322387695315e-8,"y":4.519999980926514,"z":-5.960464477539063e-8},"rotation":{"x":-0.014480221085250378,"y":0.957072377204895,"z":-0.2854045629501343,"w":-0.04856482520699501},"size":1.4289520978927613,"orthographic":false}