{"cameraMode":{"drawMode":0,"name":"Shaded","section":"Shading Mode"},"sceneLighting":true,"audioPlay":false,"sceneViewState":{"showFog":true,"showMaterialUpdate":false,"showSkybox":true,"showFlares":true,"showImageEffects":true,"showParticleSystems":true},"in2DMode":false,"pivot":{"x":0.035817861557006839,"y":-15.855592727661133,"z":-30.472763061523439},"rotation":{"x":-0.014480221085250378,"y":0.957072377204895,"z":-0.2854045629501343,"w":-0.04856482520699501},"size":54.323829650878909,"orthographic":false}