{"cameraMode":{"drawMode":0,"name":"Shaded","section":"Shading Mode"},"sceneLighting":true,"audioPlay":false,"sceneViewState":{"showFog":true,"showMaterialUpdate":false,"showSkybox":true,"showFlares":true,"showImageEffects":true,"showParticleSystems":true},"in2DMode":false,"pivot":{"x":-2.45912504196167,"y":-5.014793395996094,"z":-9.634660720825196},"rotation":{"x":-0.020042680203914644,"y":0.9559441208839417,"z":-0.2850685119628906,"w":-0.06721730530261994},"size":48.43381881713867,"orthographic":false}